{
    "accuracy": 0.6722560975609756,
    "precision": 0.6013986013986014,
    "recall": 0.3524590163934426,
    "f1_score": 0.4444444444444444,
    "roc_auc": 0.6070547509151679
}
